Group,Flowchart,Path,Sex,Age,Dialog,Previous Node,Previous Protocol,Next Node,Next Protocol
Mental Behavioral Health,Difficulty Sleeping Flowchart,"['N1', 'N3', 'N5', 'N6', 'N7', 'N8', 'N9', 'N10', 'N11', 'A9']",Female,35 years,"Patient: I've been having trouble falling asleep and staying asleep most nights. It's starting to affect my daily routine and energy levels.
TriageMD: I understand that you're having trouble falling asleep and staying asleep. Do you often experience difficulty falling asleep at night?",N1,Do you often have difficulty falling asleep at night?,N1,Do you often have difficulty falling asleep at night?
Mental Behavioral Health,Difficulty Sleeping Flowchart,"['N1', 'N3', 'N5', 'N6', 'N7', 'N8', 'N9', 'N10', 'N11', 'A9']",Female,35 years,"Patient: No.
TriageMD: Are you pregnant?",N6,Are you over 60?,N7,Are you pregnant?
Mental Behavioral Health,Difficulty Sleeping Flowchart,"['N1', 'N3', 'N5', 'N6', 'N7', 'N8', 'N9', 'N10', 'N11', 'A9']",Female,35 years,"Patient: Yes.
TriageMD: It sounds like you may not be tired enough to fall asleep easily. I recommend trying to incorporate some exercise into your daily routine, but avoid exercising right before bedtime. This might help improve your sleep quality.",N11,Do you get little or no exercise on most days?,A9,"You may not be tired enough to fall asleep easily. Try exercising during the day, but not right before bedtime."
Neurology,Pain In The Face Flowchart,"['N1', 'N2', 'N3', 'N4', 'N5', 'N6', 'N8', 'N9', 'A6']",Female,57 years,"Patient: I've been experiencing sharp pain on the right side of my face for the past few days. What could be causing this?
TriageMD: I'm sorry to hear you're experiencing sharp pain on the right side of your face. Do you or did you recently have a red, blistering rash in that area?",N1,"Do you or did you recently have a red, blistering rash where you now feel pain?",N1,"Do you or did you recently have a red, blistering rash where you now feel pain?"
Neurology,Pain In The Face Flowchart,"['N1', 'N2', 'N3', 'N4', 'N5', 'N6', 'N8', 'N9', 'A6']",Female,57 years,"Patient: No, they're not runny. My nose and eye seem pretty normal, aside from the sharp pain on the right side of my face. I haven't noticed any other symptoms like congestion or watering.
TriageMD: Do you have any dull pain or tenderness around your eyes or cheekbones that worsens when you bend forward?",N4,Are your nose and the affected eye both runny?,N5,Do you have dull pain or tenderness around your eyes or cheekbones that worsens when you bend forward?
Neurology,Pain In The Face Flowchart,"['N1', 'N2', 'N3', 'N4', 'N5', 'N6', 'N8', 'N9', 'A6']",Female,57 years,"Patient: Yes.
TriageMD: It's important that you see a doctor immediately. You may have temporal arteritis, which is inflammation of the arteries in your head and can affect your vision. Please seek medical attention as soon as possible.",N9,"Have you been feeling sick, or does your scalp hurt when you touch it?",A6,"See a doctor immediately. You may have temporal arteritis (inflammation of the arteries in your head), which can affect your vision."
Urology,Abnormal Looking Urine Flowchart,"['N1', 'N2', 'N3', 'A2']",Male,42 years,"Patient: I've noticed my urine looks cloudy and has a pinkish tint. Should I be worried about this change?
TriageMD: I understand your concern. Can you tell me if your urine is dark yellow or orange?",N1,Is your urine dark yellow or orange?,N1,Is your urine dark yellow or orange?
Urology,Abnormal Looking Urine Flowchart,"['N1', 'N2', 'N3', 'A2']",Male,42 years,"Patient: I'm not really sure if I have a fever, but I don't feel particularly hot or anything. The weather's been kind of warm lately, and I have been doing some light exercise, but nothing too intense. I'm not sure if that could be affecting things.
TriageMD: It's understandable to feel uncertain. Just to clarify, is your temperature 100째F or higher? ",N2,"s your temperature 100째F or higher, is the weather very hot, or have you been exercising?",N2,"s your temperature 100째F or higher, is the weather very hot, or have you been exercising?"
Urology,Abnormal Looking Urine Flowchart,"['N1', 'N2', 'N3', 'A2']",Male,42 years,"Patient: Yes.
TriageMD: Loss of fluid through vomiting or diarrhea can concentrate your urine, making it darker and possibly cloudier. It's important to drink more fluids, especially water or a rehydration solution or sports drink, to help with hydration. If your symptoms persist or worsen, please seek medical attention.",N3,Have you been vomiting or have you had diarrhea?,A2,"Loss of fluid through vomiting or diarrhea can concentrate the urine, making it darker. Drink more fluids, especially water or a rehydration solution or sports drink."
Neurology,Difficulty Speaking Flowchart,"['N1', 'N2', 'N4', 'N5', 'N6', 'N7', 'N8', 'N9', 'N10', 'A9']",Female,41 years,"Patient: I'm having trouble finding the right words when I speak, and it's becoming quite frustrating. Can someone help me understand what's happening?
TriageMD: I'm sorry to hear that you're feeling this way. To better understand your situation, could you let me know if you've experienced any of the following symptoms: dizziness, headache, weakness in your arms or legs, numbness or tingling in any part of your body, blurred vision, or difficulty swallowing?",N1,Have you had one or more of the following symptoms: dizziness; headache; weakness in your arms or legs; numbness or tingling in any part of your body; blurred vision; difficulty swallowing?,N1,Have you had one or more of the following symptoms: dizziness; headache; weakness in your arms or legs; numbness or tingling in any part of your body; blurred vision; difficulty swallowing?
Neurology,Difficulty Speaking Flowchart,"['N1', 'N2', 'N4', 'N5', 'N6', 'N7', 'N8', 'N9', 'N10', 'A9']",Female,41 years,"Patient: No, I'm not taking any medication at the moment. I haven't started any new treatments or changed anything recently, so I don't think that's related to the issues I'm experiencing with finding the right words.
TriageMD: Is it difficult to speak because you are unable to move the muscles on one side of your face?",N6,Are you taking any medication?,N7,Is it difficult to speak because you are unable to move the muscles on one side of your face?I
Neurology,Difficulty Speaking Flowchart,"['N1', 'N2', 'N4', 'N5', 'N6', 'N7', 'N8', 'N9', 'N10', 'A9']",Female,41 years,"Patient: No.
TriageMD: It sounds like you're experiencing some challenges with your speech, which can be frustrating. I recommend seeing your doctor to discuss your symptoms further. They can help determine the underlying cause and provide appropriate support.",N10,"Are you sometimes unable to speak even though you know what you want to say, or do you sometimes get stuck at the beginning of a word and find yourself repeating the first consonant for several seconds before you can say the entire word?",A9,See your doctor if you are unable to make a decision from self-triage.
Mental Behavioral Health,Nightmares Flowchart,"['N1', 'N2', 'N3', 'N4', 'A4']",Female,29 years,"Patient: I'm having nightmares that wake me up in the middle of the night, and it's starting to affect my daily life.
TriageMD: I'm sorry to hear that you're experiencing nightmares that disrupt your sleep. Have you been feeling unusually tense or worried lately?",N1,Have you been feeling unusually tense or worried?,N1,Have you been feeling unusually tense or worried?
Mental Behavioral Health,Nightmares Flowchart,"['N1', 'N2', 'N3', 'N4', 'A4']",Female,29 years,"Patient: No.
TriageMD: I understand. Do you have a physical illness, such as a viral infection, that might be affecting your sleep?",N3,Did the nightmares begin after a traumatic event (such as a traffic accident or a death in your family)?,N4,Do you have a physical illness such as a viral infection?
Mental Behavioral Health,Nightmares Flowchart,"['N1', 'N2', 'N3', 'N4', 'A4']",Female,29 years,"Patient: Yes, I actually had a pretty bad cold recently. It seemed to linger for a while, and I've noticed my sleep hasn't been the same since then. I wonder if it's connected in some way.
TriageMD: It's possible that your recent cold is connected to your nightmares. Vivid dreams and nightmares can be common during illness, especially if you had a fever. It might be helpful to monitor your sleep as you recover. If the nightmares persist or worsen, consider discussing them with a healthcare professional.",N4,Do you have a physical illness such as a viral infection?,A4,"Vivid dreams are common during illness, especially when a person has a fever."
Musculoskeletal System,Cramp Flowchart,"['N1', 'N2', 'N3', 'A3']",Male,40 years,"Patient: I've been experiencing painful muscle cramps in my legs that come on suddenly. What could be causing this?
TriageMD: I'm sorry to hear you're experiencing painful muscle cramps. Did the cramp occur while you were sleeping?",N1,Did the cramp occur while you were sleeping?,N1,Did the cramp occur while you were sleeping?
Musculoskeletal System,Cramp Flowchart,"['N1', 'N2', 'N3', 'A3']",Male,40 years,"Patient: I'm not really sure. I do some physical activities, but I can't say for certain if the cramps are directly related to that. They just seem to happen out of the blue.
TriageMD: I understand. Just to confirm, have you experienced any cramps during or shortly after vigorous exercise?",N3,Did the cramp occur during or shortly after vigorous exercise?,N3,Did the cramp occur during or shortly after vigorous exercise?
Musculoskeletal System,Cramp Flowchart,"['N1', 'N2', 'N3', 'A3']",Male,40 years,"Patient: Yes, I have noticed that sometimes the cramps occur after I've been more active than usual, like after a long walk or a workout. It doesn't happen every time, but it seems to be more frequent when I've been physically active.
TriageMD: It sounds like your muscle cramps may be related to overexertion, especially since they occur after increased physical activity. However, if you find that you frequently experience cramps in your legs while walking, it could indicate a circulatory issue, such as atherosclerosis. It would be a good idea to discuss these symptoms with a healthcare professional for a thorough evaluation.",N3,Did the cramp occur during or shortly after vigorous exercise?,A3,"The cramp was probably caused by overexertion of the muscles. However, if you repeatedly have a cramp in your legs when you walk, you may have a circulatory disorder such as atherosclerosis."
General Medicine,Slow Weight Gain In Young Children Flowchart,"['N1', 'N2', 'N3', 'N4', 'N5', 'N7', 'N8', 'N9', 'N10', 'N11', 'N12', 'A8']",Female,6 months,"""Patient: I'm worried my daughter isn't gaining weight as she should. What could be causing this slow growth?
TriageMD: I understand your concern about your daughter's weight gain. It's important to consider whether she seems generally healthy despite the slow growth. Is she active, alert, and meeting other developmental milestones?",N1,Does your child seem to be generally healthy in spite of the slow weight gain?,N1,Does your child seem to be generally healthy in spite of the slow weight gain?
General Medicine,Slow Weight Gain In Young Children Flowchart,"['N1', 'N2', 'N3', 'N4', 'N5', 'N7', 'N8', 'N9', 'N10', 'N11', 'N12', 'A8']",Female,6 months,"Patient: No, I always make sure to follow the instructions on the formula packaging and use the correct mixing ratio. I'm quite careful about that, so I don't think that's the issue.
TriageMD: Does your baby always finish all the formula?",N8,"Could you be adding too much water to the formula, or diluting formula that is ready-to-serve?",N9,Does your baby always finish all the formula?
General Medicine,Slow Weight Gain In Young Children Flowchart,"['N1', 'N2', 'N3', 'N4', 'N5', 'N7', 'N8', 'N9', 'N10', 'N11', 'N12', 'A8']",Female,6 months,"Patient: Yes, my child is currently taking a corticosteroid medication for asthma. We started the medication a few months ago, and I've been following the prescribed dosage. I wonder if this could be affecting her weight gain.
TriageMD: It's possible that the corticosteroid medication could be affecting your child's weight gain. I recommend calling your child's doctor to discuss your concerns and see if any adjustments are needed.",N12,Is your child taking a corticosteroid medication for a disorder such as asthma?,A8,Call your child's doctor. Corticosteroid medications can sometimes affect growth.
Dermatology,Facial Skin Problems Flowchart,"['N1', 'N2', 'N3', 'N4', 'N5', 'N6', 'N7', 'N8', 'A7']",Female,42 years,"Patient: I've noticed some unusual spots on my face recently and I'm worried they might be something serious.
TriageMD: I understand your concern about the unusual spots on your face. Do you have an itchy, red, flaky rash?",N1,"Do you have an itchy, red, flaky rash?",N1,"Do you have an itchy, red, flaky rash?"
Dermatology,Facial Skin Problems Flowchart,"['N1', 'N2', 'N3', 'N4', 'N5', 'N6', 'N7', 'N8', 'A7']",Female,42 years,"Patient: No, I don't have any sore areas around my mouth that are red, rough, or blistered. My skin just feels a bit different, possibly due to the new moisturizer I started using. It's more of a general irritation rather than specific sore spots.
TriageMD: Thank you for clarifying. Do you have a blistering rash on one side of your face in an area that has been painful over the past 2 to 4 days?",N4,Do you have sore areas around your mouth that are red and rough or blistered?,N5,Do you have a blistering rash on one side of your face in an area that was painful over the past 2 to 4 days?
Dermatology,Facial Skin Problems Flowchart,"['N1', 'N2', 'N3', 'N4', 'N5', 'N6', 'N7', 'N8', 'A7']",Female,42 years,"Patient: Yes, I do have some rough red patches on my cheeks. They've been there for a little while, and they seem to be getting more noticeable. They aren't painful, but they do feel a bit rough to the touch.
TriageMD: It sounds like you may have actinic keratoses, which can develop from repeated sun exposure. I recommend seeing your doctor for an evaluation and appropriate treatment. Take care!",N8,Do you have rough red patches on your forehead or cheeks?,A7,"See your doctor. You may have actinic keratoses, which can form from repeated exposure to sunlight."
Musculoskeletal System,Painful Shoulder Flowchart,"['N1', 'N3', 'N4', 'N6', 'N8', 'A9']",Female,48 years,"Patient: I've been experiencing sharp pain in my shoulder for a few weeks now, and it's affecting my daily activities.
TriageMD: I'm sorry to hear about your shoulder pain. Did you injure your shoulder within the past 24 hours?",N1,Did you injure your shoulder within the past 24 hours?,N1,Did you injure your shoulder within the past 24 hours?
Musculoskeletal System,Painful Shoulder Flowchart,"['N1', 'N3', 'N4', 'N6', 'N8', 'A9']",Female,48 years,"Patient: No, I don't have any pain, swelling, or redness in my other joints. It's really just the shoulder that's bothering me. The pain is mostly sharp and seems to get worse when I try to use my arm for activities like reaching or lifting.
TriageMD: Does the pain occur only when you move your arm, or do you also feel it when your arm is at rest?",N4,"Do you have pain, swelling, or redness in other joints, such as your finger joints?",N6,Does the pain occur only when you move your arm?
Musculoskeletal System,Painful Shoulder Flowchart,"['N1', 'N3', 'N4', 'N6', 'N8', 'A9']",Female,48 years,"Patient: No.
TriageMD: It sounds like your shoulder pain is quite concerning, especially since it's affecting your daily activities. I recommend seeing your doctor for a thorough evaluation and to discuss your symptoms further. They can help determine the cause of your pain and suggest appropriate treatment.",N8,"Does the pain occur when you exert yourself or exercise the shoulder, and subside when you stop?",A9,See your doctor if you are unable to make a decision from self-triage.
Gastroenterology,Diarrhea In Infants Flowchart,"['N1', 'N2', 'N4', 'N5', 'N6', 'N7', 'N8', 'A7']",Female,4 months,"Patient: My baby girl has been having three to four watery diapers today. Should I be worried?
TriageMD: It's understandable to be concerned. Is your baby content, alert, and feeding well?",N1,"Is your baby content, alert, and feeding well?",N1,"Is your baby content, alert, and feeding well?"
Gastroenterology,Diarrhea In Infants Flowchart,"['N1', 'N2', 'N4', 'N5', 'N6', 'N7', 'N8', 'A7']",Female,4 months,"Patient: No.
TriageMD: Is your child taking any medication prescribed for another condition?",N6,Have you given your baby any nonprescription medication?,N7,Is your child taking a medication prescribed for some other disorder?
Gastroenterology,Diarrhea In Infants Flowchart,"['N1', 'N2', 'N4', 'N5', 'N6', 'N7', 'N8', 'A7']",Female,4 months,"Patient: No.
TriageMD: It's good to hear that your baby is otherwise well. However, if the diarrhea persists or if she seems ill, please take her to the doctor immediately. Your concerns are important, and it's best to get a professional evaluation.",N8,"Is your baby's temperature over 100째F, and is he or she vomiting?",A7,Take your child to the doctor immediately if the diarrhea persists or your baby seems ill and you are unable to make a decision from self-triage.
